GEOID,NAME,median_ageE,median_ageM,edu_totalE,edu_totalM,bachelorsE,bachelorsM,mastersE,mastersM,professionalE,professionalM,doctorateE,doctorateM,bachelors_plus,bachelors_plus_moe,bachelors_plus_rate,bachelors_plus_rate_moe
48287,"Lee County, Texas",42.6,0.6,12498,289,1995,423,367,145,220,140,28,30,2610,469.5252921834989,0.2088334133461354,0.03725638127892724
48037,"Bowie County, Texas",38.5,0.4,62425,91,9239,693,4185,552,844,255,478,165,14746,936.5911594714099,0.23621946335602723,0.014999510562931891
48273,"Kleberg County, Texas",29,0.5,17099,158,2518,446,1171,251,40,24,241,111,3970,524.2270500460654,0.2321773203111293,0.030583189067311
48229,"Hudspeth County, Texas",37.6,6.6,2222,191,178,58,35,20,0,15,0,15,213,63.15853069855251,0.09585958595859587,0.02720362500843106
48419,"Shelby County, Texas",39.3,1.6,15894,166,1766,335,542,127,51,47,40,36,2399,363.12394578160223,0.15093746067698502,0.02279215385181052
48301,"Loving County, Texas",86.2,17.2,31,29,0,15,0,15,0,15,0,15,0,15,0,0.4838709677419355
48339,"Montgomery County, Texas",37.2,0.2,450020,96,113071,3202,46117,2205,8115,902,7258,820,174561,4074.4119821147196,0.38789609350695525,0.009053468313376759
48029,"Bexar County, Texas",34.8,0.1,1349274,108,263431,4969,119010,3816,27763,1570,19466,1355,429670,6599.525892062247,0.31844532689431504,0.004891101642607137
48245,"Jefferson County, Texas",37,0.3,169590,65,22724,1323,7943,735,1529,358,1272,312,33468,1586.2099482729263,0.19734654165929594,0.009352898637608398
48457,"Tyler County, Texas",43.2,1,14869,141,1313,294,394,106,98,92,40,37,1845,327.8795510549568,0.12408366399892394,0.022019801372844348
48157,"Fort Bend County, Texas",37.3,0.2,581016,74,173177,4066,85399,3525,16770,1719,16498,1508,291844,5846.965537781115,0.5022994203257741,0.01006314350736195
48139,"Ellis County, Texas",36.3,0.2,138018,130,27501,1532,11991,1032,944,205,1110,292,41546,1881.3125737101743,0.3010187077047921,0.013627972732746024
48499,"Wood County, Texas",48.5,0.6,34578,198,4697,580,1943,426,554,260,254,173,7448,784.477533139095,0.21539707328359073,0.022653634263048613
48041,"Brazos County, Texas",26.8,0.2,129071,91,30780,1372,14604,836,2483,511,7645,745,55512,1843.2107855587217,0.4300888658180381,0.014277376146122782
48459,"Upshur County, Texas",40.6,0.7,29223,154,3823,436,1281,403,194,101,24,27,5322,602.8557041282764,0.18211682578790678,0.020607157868887498
48343,"Morris County, Texas",42.1,1.3,8173,107,889,211,281,113,27,34,107,85,1304,256.26353622784495,0.1595497369387006,0.03128523879591629
48393,"Roberts County, Texas",40,4.2,551,85,96,35,11,10,0,15,6,8,113,40.17461885320133,0.20508166969147004,0.0656908930553601
48289,"Leon County, Texas",44.6,0.9,11541,144,1402,325,623,234,21,30,95,63,2141,406.5095324835569,0.185512520578806,0.035146939872005685
48349,"Navarro County, Texas",36.7,0.5,34818,37,4337,546,1463,280,265,118,282,136,6347,639.4810395938257,0.1822907691423976,0.018365370478476112
48185,"Grimes County, Texas",40.1,0.6,21682,284,2917,550,1027,261,267,125,63,43,4274,622.9727120829612,0.1971220367124804,0.028616004410666824
48467,"Van Zandt County, Texas",42,0.4,43691,184,5543,663,2657,416,260,132,169,99,8629,799.9062445061921,0.19750062942024674,0.01828935808025828
48125,"Dickens County, Texas",47.6,5.2,1261,124,163,40,44,23,14,14,6,9,227,49.05099387372289,0.18001586042823156,0.03463724532746891
48105,"Crockett County, Texas",42.6,7.7,2070,193,121,113,76,77,24,41,0,15,221,143.54093492798492,0.1067632850241546,0.0686252604056328
48415,"Scurry County, Texas",36.9,1.6,10993,242,1154,282,246,107,26,34,3,10,1429,303.6922784662132,0.1299918129718912,0.027477357599624046
48379,"Rains County, Texas",46.4,0.7,9560,67,1577,275,386,148,25,22,8,12,1996,313.3001755505413,0.2087866108786611,0.032739301809940856
48261,"Kenedy County, Texas",54.8,36,123,75,5,7,10,10,0,15,1,2,16,19.44222209522358,0.13008130081300814,0.1367252865341264
48213,"Henderson County, Texas",43.8,0.4,60088,103,8306,709,3189,485,556,172,372,110,12423,882.9439393302385,0.2067467714019438,0.014689906564631403
48355,"Nueces County, Texas",37.2,0.3,234725,101,36614,1574,13618,1129,3065,506,2586,355,55883,2033.2678131520206,0.23807860262008734,0.008661734461629524
48427,"Starr County, Texas",29.4,0.2,37199,114,3309,495,1356,340,210,96,176,131,5051,622.0948480738286,0.1357832199790317,0.01671825146982248
48409,"San Patricio County, Texas",37,0.5,46086,81,5423,548,2309,387,197,81,151,93,8080,682.1165589545528,0.17532439352514864,0.014797741433816744
48039,"Brazoria County, Texas",36.7,0.2,258565,102,52809,2140,24035,1438,4152,655,4681,675,85677,2744.46606829088,0.33135575193858413,0.010613416147960386
48443,"Terrell County, Texas",59.9,4.1,670,209,129,79,51,45,0,15,0,15,180,92.14662229295223,0.26865671641791045,0.10904985979436217
48211,"Hemphill County, Texas",45.1,2,2361,100,455,146,58,30,5,7,0,15,518,149.96666296213968,0.21939855993223212,0.06283485873819616
48067,"Cass County, Texas",44.4,0.5,20234,118,2621,395,914,195,56,41,235,142,3826,464.6450257992654,0.18908767421172284,0.022937085845384682
48387,"Red River County, Texas",48.1,0.9,8504,139,844,174,356,119,47,46,64,39,1311,219.25783908448975,0.15416274694261525,0.025659476712421265
48219,"Hockley County, Texas",35.9,0.6,13616,74,1758,209,655,147,47,33,116,63,2576,265.23197393979484,0.1891891891891892,0.019452278814459274
48127,"Dimmit County, Texas",35.7,1,5340,207,385,179,102,83,9,16,27,33,523,200.6863224038948,0.09794007490636704,0.03738945013881347
48471,"Walker County, Texas",37.6,0.6,53973,175,7856,881,2923,603,225,103,638,293,11642,1111.8579045903302,0.21570044281399958,0.020588385946516224
48089,"Colorado County, Texas",43.3,0.9,14508,257,2279,351,839,251,160,93,49,48,3327,444.0213958808742,0.2293217535153019,0.030334484404682723
48131,"Duval County, Texas",33.6,1.1,6517,234,294,167,133,92,19,24,0,21,446,193.31321734428818,0.06843639711523707,0.02956095882178471
48475,"Ward County, Texas",34.5,1.4,7237,161,637,145,196,99,62,62,3,4,898,186.24177834202507,0.1240845654276634,0.02558618321727414
48225,"Houston County, Texas",43.7,0.8,16314,180,1616,277,637,185,122,54,40,33,2415,339.0560425652373,0.14803236484001472,0.020718854746276855
48347,"Nacogdoches County, Texas",31.9,0.5,38116,295,6592,626,2621,361,598,202,934,238,10745,787.175329897984,0.28190261307587366,0.020536525628935473
48153,"Floyd County, Texas",38.3,2.1,3568,114,402,115,97,44,33,28,0,21,532,128.00781226159597,0.1491031390134529,0.035558927580242004
48469,"Victoria County, Texas",36.7,0.4,60159,184,8423,727,2395,422,766,235,385,187,11969,892.6404651370002,0.19895609966920993,0.014825537137956432
48223,"Hopkins County, Texas",39.5,0.5,25476,110,3633,401,1515,315,231,111,194,85,5573,528.745685561594,0.21875490657874078,0.020733154784944658
48025,"Bee County, Texas",35.7,0.8,21261,418,2014,337,722,182,91,60,143,90,2970,397.9861806646055,0.13969239452518697,0.018516502723866353
48119,"Delta County, Texas",40.3,1.6,3887,60,400,117,173,73,4,7,3,6,580,138.21360280377615,0.14921533316182145,0.03548323410394037
48455,"Trinity County, Texas",49.2,1.1,10292,154,1303,241,316,101,82,57,27,30,1728,269.13008007281536,0.16789739603575593,0.02602848390155646
48015,"Austin County, Texas",41.1,0.8,21482,163,3957,467,1097,240,206,90,126,95,5386,541.1229065563571,0.2507215343077926,0.02511765491469751
48151,"Fisher County, Texas",40.5,2.8,2689,91,332,66,101,36,19,18,9,11,461,78.08328886515987,0.17143919672740796,0.02845254268232238
48407,"San Jacinto County, Texas",44,0.5,20035,111,1950,388,783,209,197,140,320,256,3250,528.546119085175,0.16221612178687297,0.026365826048027258
48405,"San Augustine County, Texas",50.5,1.4,5759,151,487,123,190,86,42,33,74,65,793,166.85023224436938,0.13769751693002258,0.02874624546990045
48477,"Washington County, Texas",40.9,1.6,24835,366,5260,468,1639,387,477,195,257,126,7633,650.14921364253,0.3073485001006644,0.02578392335516693
48435,"Sutton County, Texas",42.3,11.5,2299,200,325,134,80,57,16,18,0,15,421,147.49237268414933,0.18312309699869508,0.0621456289512135
48071,"Chambers County, Texas",35.1,0.6,32652,313,5378,708,1304,327,265,169,215,133,7162,808.9765138741668,0.21934337865980644,0.024686329759207946
48377,"Presidio County, Texas",41.2,2,3915,273,832,248,152,103,54,61,59,69,1097,283.89258532057505,0.2802043422733078,0.06983202618172626
48087,"Collingsworth County, Texas",40.4,4.2,1735,154,307,81,90,43,19,18,28,25,444,96.74192472759677,0.2559077809798271,0.05092266414712025
48269,"King County, Texas",49.4,20.7,180,69,61,49,9,15,0,15,0,15,70,53.39475629684998,0.3888888888888889,0.25645808156392985
48345,"Motley County, Texas",52.3,6.1,903,129,117,40,36,20,6,9,15,15,174,48.02082881417188,0.19269102990033224,0.04550029603775233
48061,"Cameron County, Texas",32.7,0.2,257360,230,38820,1875,13763,972,2970,417,1266,271,56819,2169.732471988194,0.22077634442026733,0.0084284201183763
48473,"Waller County, Texas",31.3,1,35538,827,7255,851,2116,395,373,161,172,102,9916,957.3667009040997,0.2790252687264337,0.02614500942534275
48161,"Freestone County, Texas",41.1,0.9,14211,134,1743,256,504,128,74,43,29,30,2350,290.9793807127921,0.16536485820843008,0.02041618628115246
48453,"Travis County, Texas",35.6,0.1,941975,51,329250,4839,147480,3558,31748,1830,24312,1407,532790,6434.581105246868,0.5656094906977361,0.006830878151485283
48495,"Winkler County, Texas",35.1,1.8,4668,126,432,135,64,37,0,21,0,21,496,141.5450458334731,0.1062553556126821,0.03018647313329091
48491,"Williamson County, Texas",37.3,0.2,458124,138,140185,2939,64158,2095,9182,884,8334,726,221859,3786.195716018917,0.4842771825968515,0.008263277756051506
48423,"Smith County, Texas",37.5,0.3,160294,94,30159,1252,11263,978,2389,376,2016,399,45827,1680.6442217197548,0.28589342083920793,0.010483420132130385
48461,"Upton County, Texas",40.8,1.6,2217,120,137,81,51,50,5,13,0,15,193,97.23682430026189,0.08705457825890843,0.043605790667559076
48373,"Polk County, Texas",44,0.5,38342,144,4144,619,1636,294,331,193,89,74,6200,715.7667217746296,0.16170257159250953,0.01865807384628762
48241,"Jasper County, Texas",42.8,0.7,22691,65,2121,375,915,244,23,23,124,70,3183,453.4203347888138,0.14027588030496674,0.019978345962567225
48449,"Titus County, Texas",34.9,0.1,19569,163,2295,326,787,172,81,40,28,21,3191,371.35023899278696,0.1630640298431192,0.018927783966615375
48389,"Reeves County, Texas",34.4,0.6,7867,221,416,148,126,68,8,13,32,31,582,166.30694513459142,0.07397991610524977,0.021037413862836737
48437,"Swisher County, Texas",36.4,1.5,4648,164,561,152,126,57,22,28,10,11,719,165.09996971532127,0.15469018932874354,0.03509879885278253
48173,"Glasscock County, Texas",39.5,7.8,783,107,182,67,28,18,4,7,15,21,229,72.82170006255004,0.29246487867177523,0.0839781107749915
48361,"Orange County, Texas",38.3,0.4,56827,262,7162,785,2113,370,423,191,366,210,10064,913.075024299756,0.17709891424850863,0.016046866899636962
48167,"Galveston County, Texas",38.8,0.4,244454,64,56597,1946,19419,1224,5009,548,4032,605,85057,2439.553442743159,0.34794685298665595,0.009979185470979321
48007,"Aransas County, Texas",49.9,0.9,19444,399,4068,596,1146,251,298,158,90,55,5602,667.9865268102344,0.2881094425015429,0.03384183625727048
48465,"Val Verde County, Texas",32.3,0.7,29064,98,3741,516,2234,457,392,158,182,95,6549,713.5082340099517,0.22533030553261768,0.024537793781117593
48403,"Sabine County, Texas",54.2,0.6,7806,150,763,234,283,141,52,41,20,27,1118,277.5734137124808,0.14322316167050986,0.03545231640293152
48315,"Marion County, Texas",51.3,1.6,7329,176,943,200,149,72,27,39,24,28,1143,217.91970998512272,0.15595579205894392,0.029497089610129895
48257,"Kaufman County, Texas",33.8,0.2,108495,114,20344,1352,7094,867,585,395,723,223,28746,1668.9358885229833,0.2649523019493986,0.015380087041786068
48277,"Lamar County, Texas",39.7,0.8,34480,151,4909,575,1986,325,281,110,263,136,7439,683.2612970160098,0.21574825986078885,0.019793625109372107
48005,"Angelina County, Texas",37.8,0.5,57523,73,6488,586,3173,428,446,138,215,112,10322,747.1064181226126,0.17944126697147228,0.012985963411750269
48507,"Zavala County, Texas",30.8,0.6,5790,256,588,361,34,38,15,28,5,10,642,364.21010419811256,0.11088082901554404,0.06271196500338168
48401,"Rusk County, Texas",39.1,0.5,36376,217,4216,511,1922,316,110,65,129,82,6377,609.8573603720791,0.1753078953155927,0.016732728000731206
48003,"Andrews County, Texas",33,0.6,11259,267,1634,334,245,122,28,26,84,53,1991,360.4511062543712,0.17683630873079315,0.031738642287404854
48395,"Robertson County, Texas",41.4,1.2,11825,139,1770,282,695,189,40,39,101,68,2606,348.4106772187098,0.22038054968287527,0.029349802521888478
48371,"Pecos County, Texas",36.9,1.5,10309,252,839,219,262,114,239,158,110,120,1450,316.7349049283959,0.1406537976525366,0.03053112850712622
48051,"Burleson County, Texas",44.1,1.3,13559,188,2161,337,790,178,208,165,23,21,3182,415.8353039365465,0.2346780736042481,0.030495477246115853
48239,"Jackson County, Texas",41.7,0.8,10505,268,1356,291,317,111,32,37,38,56,1743,318.6016321364346,0.16592099000475963,0.030031726069069446
48351,"Newton County, Texas",46.1,0.7,8875,123,392,138,195,77,3,6,14,22,604,159.66527487215245,0.06805633802816902,0.01796571136500697
48103,"Crane County, Texas",35,1.1,2792,170,264,96,75,61,0,15,13,23,352,117.00854669638453,0.12607449856733524,0.04119945192471333
48237,"Jack County, Texas",40,4.8,6166,165,655,184,183,86,38,32,18,27,894,207.37646925338467,0.14498864742134285,0.033407711856342004
48327,"Menard County, Texas",59.5,7.3,1514,140,252,109,93,66,18,24,0,15,363,130.5296901091855,0.23976221928665786,0.08331565798324782
48053,"Burnet County, Texas",44.1,0.4,38017,121,7228,594,2491,399,750,234,381,157,10850,769.0526639964262,0.2853986374516664,0.020208773428661612
48463,"Uvalde County, Texas",34.5,0.5,15561,166,2121,385,682,210,163,105,113,94,3079,460.6365161382671,0.19786646102435576,0.029526635985918703
48311,"McMullen County, Texas",31.8,13,389,134,75,52,3,4,0,15,0,15,78,54.26785420486054,0.20051413881748073,0.1212065906404491
48187,"Guadalupe County, Texas",37.6,0.3,123845,109,25550,1404,10837,860,1248,261,1289,354,38924,1704.1869028953367,0.31429609592635954,0.013757862901649813
48203,"Harrison County, Texas",38.8,0.5,46241,165,7281,722,2463,388,387,147,353,169,10484,849.7046545712221,0.22672520057957224,0.01835775056700515
48391,"Refugio County, Texas",42.4,1.4,4845,92,539,120,127,59,11,11,2,4,679,134.23114392718256,0.14014447884416925,0.027576984506204504
48057,"Calhoun County, Texas",41.4,1.9,13846,151,1727,298,808,243,46,67,196,85,2777,399.4583833142071,0.20056333959266215,0.028767058569453198
48133,"Eastland County, Texas",43.1,1.3,12336,103,1749,301,758,259,140,93,45,29,2692,408.8667264525202,0.2182230869001297,0.033094069062748144
48155,"Foard County, Texas",49.1,10.7,747,121,133,55,14,12,0,15,7,9,154,58.94913061275798,0.20615796519410978,0.07150074926124597
48073,"Cherokee County, Texas",38.2,0.4,34679,156,4377,484,1745,335,234,97,212,90,6568,603.3158376837127,0.18939415784768882,0.01737627829214094
48063,"Camp County, Texas",38.2,0.9,8329,180,1348,235,380,155,79,60,46,43,1853,291.0309261917022,0.22247568735742587,0.03460951341410374
48141,"El Paso County, Texas",33.6,0.1,549086,110,95601,2968,34808,1510,7091,839,4982,1169,142482,3627.6171242290716,0.25948940603111353,0.006606442022173902
48001,"Anderson County, Texas",39.7,0.4,42299,228,4614,741,1373,356,297,123,227,137,6511,842.4458439567495,0.15392798884134376,0.0198991583816951
48199,"Hardin County, Texas",39.4,0.6,39160,204,6126,683,1811,412,182,92,98,52,8217,804.6123290131715,0.2098314606741573,0.020517693726540023
48243,"Jeff Davis County, Texas",58,6,1529,255,322,96,142,86,39,38,46,55,549,145.19297503667318,0.3590582079790713,0.07369816468426647
48329,"Midland County, Texas",32.8,0.3,109040,296,23321,1640,8205,1037,1536,425,778,248,33840,2001.7737134851182,0.3103448275862069,0.018338818891999193
48323,"Maverick County, Texas",30.3,0.3,33789,297,3375,552,796,283,570,258,81,64,4822,674.8725805661392,0.14270916570481518,0.019933715291808974
48503,"Young County, Texas",41.6,1.2,12548,205,2093,323,715,205,79,64,123,86,3010,397.29837653833926,0.23987886515779408,0.031418818104579346
48043,"Brewster County, Texas",40.9,3.9,7214,203,2043,340,950,285,162,85,125,88,3280,460.210821254781,0.4546714721375104,0.06249796415079244
48333,"Mills County, Texas",47.9,2.6,3295,165,622,115,235,77,31,32,31,33,919,145.8320952328396,0.27890743550834596,0.0419971409241017
48215,"Hidalgo County, Texas",30.5,0.1,516001,257,72515,2596,25290,1348,5239,658,3425,484,106469,3037.028152651865,0.20633487144404758,0.005884804814032001
48481,"Wharton County, Texas",38.1,0.6,27334,166,4280,542,1102,252,206,106,79,72,5667,611.3002535579386,0.20732421160459502,0.022328626991840357
48169,"Garza County, Texas",35.4,3.8,3523,257,254,101,81,65,10,12,15,18,360,122.0409767250328,0.1021856372409878,0.03382965908166794
48135,"Ector County, Texas",31.4,0.3,98717,328,12012,1365,4031,607,757,301,605,228,17405,1540.863069841055,0.17631208403821025,0.015597895675310424
48055,"Caldwell County, Texas",38.4,0.5,32591,185,4501,601,1465,307,204,82,134,91,6304,685.8972226215819,0.19342763339572275,0.021016941356042346
48445,"Terry County, Texas",37,1.3,7428,150,531,159,193,96,7,11,0,23,731,187.47533171060132,0.09841141626278944,0.02516064394771653
48497,"Wise County, Texas",39.5,0.5,50855,74,7858,685,2649,356,357,127,401,196,11265,806.5395216602842,0.22151214236554911,0.015856315644953278
48069,"Castro County, Texas",34.5,1.2,4468,117,662,175,142,70,11,13,16,26,831,190.70920271449933,0.1859892569382274,0.04240457426908702
48309,"McLennan County, Texas",34,0.2,164313,102,28389,1586,12693,1207,2836,401,3216,492,47134,2091.6763611993133,0.28685496582741477,0.012728583291880917
48331,"Milam County, Texas",41.4,0.7,17756,199,2472,336,974,252,108,78,95,67,3649,432.40374651475906,0.20550799729668845,0.024243380099021487
48091,"Comal County, Texas",41.8,0.4,129685,170,36823,1483,14761,1131,2548,471,2082,385,56214,1961.763492371086,0.43346570536299495,0.015116466985900596
48183,"Gregg County, Texas",35.9,0.3,81092,105,12427,883,4490,561,1135,313,527,160,18579,1103.6208588097636,0.22911014650027128,0.013606257545974988
48195,"Hansford County, Texas",35.4,0.7,3135,102,794,155,294,93,54,46,0,21,1142,187.69922748908692,0.36427432216905903,0.05868735945615709
48353,"Nolan County, Texas",39.3,1.2,9458,84,1007,209,414,138,70,53,27,21,1518,256.85599078082646,0.16049904842461407,0.027120102092390228
48031,"Blanco County, Texas",51.5,0.9,9702,184,2499,333,699,205,155,74,82,47,3435,400.7480505255141,0.35405071119356835,0.04075629864513569
48297,"Live Oak County, Texas",39.7,2.2,8534,170,816,170,402,152,33,20,108,117,1359,257.08558886098615,0.15924537145535506,0.02995737733551694
48179,"Gray County, Texas",36.9,0.7,14001,121,1835,283,352,117,44,45,41,47,2272,313.06868256023307,0.1622741232769088,0.022316429725812544
48123,"DeWitt County, Texas",42,1.1,13895,119,1539,230,628,164,127,103,50,53,2344,305.309678850835,0.1686937747391148,0.02192508083115981
48285,"Lavaca County, Texas",42.9,0.5,14339,116,2236,304,811,184,104,57,36,26,3187,360.8282139744618,0.22226096659460212,0.025099792484547002
48247,"Jim Hogg County, Texas",26.1,1.5,2674,198,286,139,69,53,10,13,31,50,396,157.4769824450545,0.1480927449513837,0.05786199514550134
48045,"Briscoe County, Texas",49.2,8.3,978,107,189,44,32,20,5,6,0,15,226,50.96076922496363,0.2310838445807771,0.045562747818110455
48383,"Reagan County, Texas",30,3.8,1854,123,165,76,69,36,12,19,6,11,252,86.91375035056306,0.13592233009708737,0.046003582304343156
48283,"La Salle County, Texas",35.5,4.8,4277,363,263,120,230,152,12,15,0,21,505,195.37144110642168,0.11807341594575638,0.04456677088084807
48205,"Hartley County, Texas",38.7,2.6,3962,92,565,152,231,127,18,23,7,17,821,200.12745938526277,0.207218576476527,0.05028202122283886
48033,"Borden County, Texas",32.2,9.3,431,77,117,48,39,29,3,4,0,15,159,58.18934610390462,0.3689095127610209,0.11783019456625878
48321,"Matagorda County, Texas",37.8,0.7,24238,300,3419,460,1621,420,170,86,160,84,5370,634.3910465950793,0.22155293341034737,0.026029358253501826
48337,"Montague County, Texas",44.2,0.4,14873,109,1962,312,664,183,113,61,67,44,2806,369.4455304913026,0.18866402205338534,0.02480150278213952
48077,"Clay County, Texas",47.5,0.8,7755,68,1295,179,326,91,91,55,22,16,1734,208.81331375178164,0.22359767891682786,0.026854805759907695
48295,"Lipscomb County, Texas",36.3,2.7,1794,89,327,69,65,19,4,5,5,5,401,71.91661838546081,0.22352285395763657,0.038523076587316546
48079,"Cochran County, Texas",37.1,1,1591,61,105,31,26,18,0,15,0,15,131,38.8587184554509,0.08233815210559396,0.024219204962374404
48487,"Wilbarger County, Texas",40.5,1.4,8754,216,1076,271,293,106,61,60,80,90,1510,310.446452709642,0.1724925748229381,0.03520705393469345
48117,"Deaf Smith County, Texas",31.3,0.8,10722,96,886,237,203,81,44,51,93,102,1226,275.1999273255718,0.11434433874277188,0.025646420082070423
48489,"Willacy County, Texas",34.3,0.8,13061,78,1426,292,366,146,14,22,29,23,1835,328.01371922527875,0.14049460225097618,0.02509996256475507
48479,"Webb County, Texas",30,0.1,154265,144,23302,1529,7324,758,1579,442,774,240,32979,1779.1483917874866,0.2137814799209153,0.011531339189580209
48201,"Harris County, Texas",34.6,0.1,3131200,124,660816,7987,283069,5690,77830,3096,50413,2062,1072128,10488.3425287316,0.3424016351558508,0.0033495965098934866
48165,"Gaines County, Texas",29.3,0.4,11793,184,1136,273,150,93,40,56,56,71,1382,302.2498966087499,0.11718816246926142,0.02556429854007292
48369,"Parmer County, Texas",36.3,0.8,6178,82,826,177,198,89,23,21,0,21,1047,200.32972819828814,0.16947232113952734,0.03234819420565819
48147,"Fannin County, Texas",41,0.7,26524,155,3426,398,1301,268,253,136,188,110,5168,510.7093106650788,0.19484240687679083,0.01922091614311839
48111,"Dallam County, Texas",29.9,1.7,4284,270,360,164,55,75,92,121,4,6,511,217.25100690215453,0.119281045751634,0.05015186785990041
48085,"Collin County, Texas",37.3,0.1,775100,90,264674,4289,136526,3362,19905,1441,14631,1144,435736,5751.850310986892,0.5621674622629338,0.007420497718561565
48431,"Sterling County, Texas",32.1,4.1,837,110,124,51,71,45,2,3,8,14,205,69.50539547402057,0.24492234169653523,0.07654899146897838
48209,"Hays County, Texas",34.1,0.2,168291,124,46570,2247,18769,1419,3277,683,4009,714,72625,2835.287463380036,0.43154417051416893,0.016844527912954616
48121,"Denton County, Texas",37,0.1,662975,106,213469,3727,91679,2772,12662,1197,9988,847,327798,4870.803937749907,0.49443493344394585,0.007346463987141695
48303,"Lubbock County, Texas",31.9,0.2,191721,110,38664,1568,16783,990,3808,605,4860,618,64115,2046.1361147294185,0.3344182431762822,0.010670742451017328
48399,"Runnels County, Texas",42.1,0.7,6831,85,899,187,374,132,30,28,4,9,1307,230.77694858889177,0.1913336261162348,0.033699777197970945
48259,"Kendall County, Texas",43.2,0.4,34029,278,10874,619,4279,623,924,329,562,206,16639,960.1911268075747,0.4889652943077963,0.027932663080149318
48325,"Medina County, Texas",39.8,0.3,36480,191,5359,604,2743,438,226,96,106,58,8434,754.479953345349,0.2311951754385965,0.02064656235477605
48249,"Jim Wells County, Texas",35.7,0.5,24780,178,2876,533,849,245,99,59,220,186,4044,618.215981676307,0.16319612590799032,0.024920626524153087
48193,"Hamilton County, Texas",43.5,2,5899,58,1105,222,356,106,43,31,76,64,1580,256.0800656044902,0.26784200711985084,0.043330806707702604
48293,"Limestone County, Texas",41.9,0.8,15718,106,2027,343,681,161,79,38,126,81,2913,389.3263412614153,0.1853289222547398,0.024737905527469774
48191,"Hall County, Texas",44.3,4.8,2075,63,330,88,94,53,16,15,5,8,445,104.12492496996096,0.21445783132530122,0.04975645633228769
48305,"Lynn County, Texas",37.3,0.7,3754,59,615,86,346,81,10,8,34,26,1005,121.2311841070605,0.2677144379328716,0.03201859577583223
48107,"Crosby County, Texas",38.5,1.8,3295,59,410,89,84,41,8,11,5,6,507,98.78765105011861,0.15386949924127466,0.02985421298995926
48137,"Edwards County, Texas",39,17.2,716,174,159,76,28,28,0,15,0,15,187,82.37111144084436,0.2611731843575419,0.09595115062689775
48027,"Bell County, Texas",32.3,0.2,239452,157,43426,2059,16296,1106,3300,481,2020,403,65042,2420.017975139854,0.2716285518600805,0.010104915364019435
48021,"Bastrop County, Texas",37,0.4,69598,204,11143,1010,4205,646,994,334,1054,249,17396,1269.2411118459722,0.24994971119859766,0.018222024805724615
48441,"Taylor County, Texas",33.1,0.2,89663,329,16742,1046,7211,786,1377,298,921,230,26251,1361.4756699992843,0.29277405395759676,0.015146315011067479
48291,"Liberty County, Texas",32.9,0.5,62964,274,5088,793,1810,452,223,162,342,226,7463,954.1870885733049,0.11852804777333079,0.015145706127983953
48197,"Hardeman County, Texas",44.4,3.3,2428,116,295,90,78,43,5,6,30,25,408,103.00485425454472,0.16803953871499178,0.041657189299257234
48483,"Wheeler County, Texas",41.3,0.8,3402,110,476,129,61,33,19,22,23,35,579,139.4238143216574,0.17019400352733685,0.04061175165010533
48017,"Bailey County, Texas",33.3,1.5,4243,283,488,164,82,71,72,81,3,5,645,196.27276937975884,0.15201508366721658,0.045133164488946435
48439,"Tarrant County, Texas",35.2,0.1,1412762,162,318633,5001,132093,3386,24099,1407,16413,1209,491238,6317.93692592764,0.3477146185981786,0.004471868444294538
48485,"Wichita County, Texas",35.3,0.2,84302,135,14024,864,5225,547,1013,246,872,249,21134,1080.8431893665243,0.2506939337145026,0.012814799147817166
48307,"McCulloch County, Texas",44.5,2.6,5366,206,820,215,413,121,18,15,33,37,1284,249.91998719590237,0.23928438315318673,0.04565983902946116
48177,"Gonzales County, Texas",39.3,1.7,13151,208,1162,263,336,138,29,29,41,30,1568,299.92332353453276,0.11923047676982738,0.022728023817430817
48221,"Hood County, Texas",45.9,0.4,48057,200,10932,774,3804,481,501,157,596,214,15833,949.1480390329003,0.3294629294379591,0.019702812288435522
48501,"Yoakum County, Texas",32.3,2.4,4345,242,621,185,95,95,123,144,34,63,873,260.6817983672815,0.20092059838895282,0.058942936086757096
48227,"Howard County, Texas",36.7,0.6,22132,79,2366,310,758,205,155,75,193,123,3472,398.5962869872222,0.1568769202964034,0.01800124582687047
48099,"Coryell County, Texas",32.8,0.3,54395,298,7003,696,2918,413,334,147,270,169,10525,839.7350772713976,0.19349204890155344,0.01540128866787116
48451,"Tom Green County, Texas",36,0.3,78620,217,13262,959,4958,594,966,285,836,283,20022,1197.4268244865739,0.2546680234037141,0.015214333660101026
48149,"Fayette County, Texas",48.2,1.3,18428,161,3704,360,1023,217,206,76,126,63,5059,431.7800365927077,0.2745278923377469,0.023307568548133623
48447,"Throckmorton County, Texas",45,6.1,1173,99,181,61,53,30,0,15,29,22,263,73.00684899377592,0.22421142369991476,0.05929298722889298
48009,"Archer County, Texas",42.8,0.8,6339,38,1132,166,362,81,40,26,74,42,1608,191.1988493689227,0.25366777094178894,0.030123948267614404
48013,"Atascosa County, Texas",36.1,0.4,32769,136,3895,585,909,212,259,157,98,94,5161,648.5784455252888,0.15749641429399738,0.01978164289054153
48143,"Erath County, Texas",32,0.4,25895,181,5250,519,2288,348,236,91,526,152,8300,649.4998075442363,0.32052519791465534,0.024981795266479024
48375,"Potter County, Texas",35.1,0.3,74421,137,9523,820,2771,382,921,244,602,214,13817,961.0702367673239,0.18565996156998696,0.012909442153958457
48341,"Moore County, Texas",31.2,0.8,12720,190,1213,295,311,124,16,25,24,26,1564,322.02794909758995,0.1229559748427673,0.02524995613653163
48233,"Hutchinson County, Texas",39.3,1.1,13356,122,1687,302,474,137,61,50,18,24,2240,336.22760148447065,0.16771488469601678,0.025127615884810443
48319,"Mason County, Texas",52.7,5.6,2963,128,711,171,286,155,144,113,10,17,1151,257.5344637131116,0.3884576442794465,0.08528142771977397
48019,"Bandera County, Texas",53.5,0.4,17205,161,2878,452,1419,342,199,107,190,134,4686,592.1764939610488,0.27236268526591106,0.03432436569036974
48279,"Lamb County, Texas",37.1,1,8134,54,790,147,323,116,31,35,21,28,1165,192.54609837646672,0.1432259650848291,0.023652655734480603
48175,"Goliad County, Texas",44.6,1,5234,92,771,179,267,114,61,51,22,24,1121,219.57686581240748,0.21417653802063433,0.04178276189011557
48023,"Baylor County, Texas",48.1,1.9,2556,83,499,109,72,42,44,31,32,34,647,125.54680402144851,0.2531298904538341,0.04842580880949775
48317,"Martin County, Texas",37.3,1.6,3372,143,614,164,81,42,5,8,6,8,706,169.6702684620968,0.20937129300118623,0.04952780440654817
48275,"Knox County, Texas",41.2,1.3,2273,56,238,54,59,27,3,4,7,8,307,61.032778078668514,0.1350637923449186,0.026644215390504693
48425,"Somervell County, Texas",44.5,0.7,6925,113,1574,282,357,112,71,62,27,48,2029,313.3943203059047,0.29299638989169674,0.04500224287574013
48163,"Frio County, Texas",32.3,0.7,11793,503,1030,353,329,230,9,19,41,61,1409,426.1349551491875,0.11947765623675062,0.03577342087643189
48313,"Madison County, Texas",36.8,2.4,9197,507,1326,266,218,102,81,90,63,71,1688,307.08467887538774,0.1835381102533435,0.03181978046756248
48411,"San Saba County, Texas",40.7,1.6,4124,115,664,175,268,97,42,27,16,21,990,202.98768435548004,0.24005819592628516,0.04876373479131802
48263,"Kent County, Texas",60,4.6,605,98,106,50,44,27,7,10,2,3,159,57.77542730261716,0.2628099173553719,0.08548284804339598
48075,"Childress County, Texas",35.9,2.9,4770,231,405,120,105,65,39,51,16,23,565,147.49576265099958,0.11844863731656184,0.030384831039104544
48433,"Stonewall County, Texas",52.3,6.7,848,101,83,34,60,39,0,15,0,15,143,53.87021440462252,0.16863207547169812,0.06026758473136882
48109,"Culberson County, Texas",44.8,14.3,1472,225,211,104,6,38,15,25,0,15,232,114.49890829173874,0.15760869565217392,0.0739598887714135
48413,"Schleicher County, Texas",39.9,4.9,1720,81,260,86,50,37,6,8,0,15,316,95.15250916292223,0.18372093023255814,0.0546404741912598
48011,"Armstrong County, Texas",43.6,2.4,1299,92,220,74,109,44,14,15,10,10,353,87.960218280766,0.27174749807544263,0.06492105185161307
48095,"Concho County, Texas",43,3.2,2675,129,239,83,118,48,4,9,15,13,376,97.17509969122749,0.1405607476635514,0.035689127322679
48421,"Sherman County, Texas",39.7,2.6,1532,156,305,82,158,69,0,15,0,15,463,108.21275340735028,0.30221932114882505,0.06357861343420375
48365,"Panola County, Texas",40.9,0.8,15534,134,1724,323,786,223,23,21,113,74,2646,399.9687487792015,0.17033603707995365,0.02570599583821996
48265,"Kerr County, Texas",48.8,0.3,39521,184,7540,619,3309,478,873,301,657,234,12379,870.0586187148542,0.31322587991194556,0.021966743439563747
48251,"Johnson County, Texas",37.1,0.3,128247,201,22762,1185,7592,901,1041,290,944,273,32339,1540.9915638964412,0.2521618439417686,0.012009308674369957
48035,"Bosque County, Texas",46.2,0.9,13479,74,1805,221,688,159,108,49,145,57,2746,282.4393740256482,0.20372431189257365,0.020924159536068538
48081,"Coke County, Texas",47.4,1.5,2464,62,409,69,123,58,22,18,12,13,566,92.83318372220141,0.2297077922077922,0.037229800719593205
48217,"Hill County, Texas",41,0.6,25652,112,3042,315,1301,214,179,77,93,70,4615,394.77841886303764,0.17990799937626695,0.015369712226595333
48363,"Palo Pinto County, Texas",41.6,0.7,20182,139,2478,349,949,241,113,57,55,32,3595,429.1328465638584,0.17812902586463186,0.021227725533568807
48335,"Mitchell County, Texas",36.7,2.3,6070,230,464,148,173,96,54,55,7,11,698,185.11077764409072,0.11499176276771005,0.030183133450262987
48189,"Hale County, Texas",34.4,0.4,20040,155,1959,302,951,277,39,47,120,86,3069,421.35258394840776,0.1531437125748503,0.020992186738920046
48159,"Franklin County, Texas",43.2,1,7459,167,1340,284,546,143,53,43,132,93,2071,334.0703518721768,0.2776511596728784,0.04435405103486144
48101,"Cottle County, Texas",46.4,8.9,921,138,140,56,47,38,4,6,3,4,194,68.05879810869422,0.21064060803474485,0.06681740760960796
48171,"Gillespie County, Texas",50.7,0.6,20683,201,4811,454,1976,290,595,171,309,150,7691,584.7708953085815,0.371851278828023,0.028041128929511158
48093,"Comanche County, Texas",44.2,0.5,9703,89,1391,266,590,129,55,34,37,30,2073,299.0869438808722,0.21364526435123157,0.030761817121021783
48049,"Brown County, Texas",41.8,0.6,27106,125,3931,470,1190,268,153,71,193,118,5467,558.2911426845316,0.20168966280528297,0.020575577756266814
48267,"Kimble County, Texas",47.4,4.5,3372,186,623,130,254,98,37,33,0,15,914,166.7872896835967,0.27105575326215897,0.04714853864642898
48429,"Stephens County, Texas",42,1.1,6429,190,722,181,331,129,46,46,8,12,1107,227.29276275323858,0.17218852076528232,0.0349861460067276
48235,"Irion County, Texas",40.5,16.7,1017,92,225,79,54,38,9,13,0,15,288,89.88325761786786,0.2831858407079646,0.08458665198789693
48065,"Carson County, Texas",41,1.4,3926,107,656,131,352,136,14,20,13,15,1035,190.4783452259075,0.26362710137544576,0.0479821919299283
48129,"Donley County, Texas",40.7,3.7,2168,88,232,76,125,61,2,4,0,15,359,98.68130522039117,0.16559040590405905,0.045018209411094086
48181,"Grayson County, Texas",39,0.3,96958,162,15602,1178,5422,646,979,280,1151,263,23154,1397.343551171293,0.23880443078446337,0.014406319449987236
48493,"Wilson County, Texas",40.7,0.6,36318,103,6525,568,2506,419,238,119,133,85,9402,720.8127357365435,0.25887989426730545,0.019833673988488103
48253,"Jones County, Texas",39.3,0.9,14941,206,1355,200,395,120,37,43,5,8,1792,237.30360300678117,0.11993842446958035,0.01579639071466886
48417,"Shackelford County, Texas",42.3,1.1,2271,75,575,100,120,46,21,25,59,44,775,121.1486689980538,0.34125935711140465,0.0521418781985932
48385,"Real County, Texas",59.5,5.4,2031,194,358,175,61,60,10,17,0,15,429,186.38401218988716,0.21122599704579026,0.08952416828459286
48255,"Karnes County, Texas",38.1,1.6,10685,239,993,221,484,159,27,29,24,26,1528,275.025453367502,0.14300421151146467,0.025539869236859195
48505,"Zapata County, Texas",32.3,0.6,8090,185,818,227,310,123,38,50,62,48,1228,267.3237737276653,0.15179233621755253,0.03286090705011597
48357,"Ochiltree County, Texas",33.3,0.6,5938,133,866,215,287,128,13,18,63,51,1229,255.99609372019722,0.20697204445941395,0.04286153335997456
48097,"Cooke County, Texas",40.5,0.5,29120,206,4539,553,1849,306,139,76,361,185,6888,662.9072333290685,0.23653846153846153,0.022703089775557628
48115,"Dawson County, Texas",34.8,0.7,7818,194,765,127,137,60,54,50,39,27,995,151.51897570931504,0.12727040163724737,0.019121738295707017
48381,"Randall County, Texas",36.7,0.3,96955,192,21257,1189,8195,708,1773,328,1433,306,32658,1454.7181857665767,0.33683667680882884,0.014989220707370412
48207,"Haskell County, Texas",43.1,2.1,3876,123,460,110,399,129,14,12,11,13,884,170.45233937966356,0.22807017543859648,0.043376696534606636
48281,"Lampasas County, Texas",43.8,0.7,16111,125,2762,311,788,171,150,83,210,98,3910,377.43211310115095,0.2426913289057166,0.023351187419246206
48271,"Kinney County, Texas",50.3,4.8,2556,228,260,131,42,47,0,15,0,15,302,139.98214171814917,0.11815336463223787,0.05374238721099162
48359,"Oldham County, Texas",31.4,2.6,1270,145,207,64,45,32,12,9,8,7,272,72.4568837309472,0.2141732283464567,0.05154672337218084
48113,"Dallas County, Texas",34.1,0.2,1709388,90,376976,4903,167715,4075,43347,1752,22825,1482,610863,6775.75545603588,0.3573577210089225,0.003963804077326854
48083,"Coleman County, Texas",48.7,0.7,5694,174,753,194,155,64,25,21,25,36,958,208.4922060893404,0.16824727783631893,0.03625336786961192
48367,"Parker County, Texas",39.1,0.4,112004,138,24426,1301,9467,778,1698,430,625,166,36216,1584.4055667662872,0.3233455948001857,0.014140361957309888
48299,"Llano County, Texas",57.4,0.5,17742,115,3970,414,1016,191,587,157,168,90,5741,490.53644105203847,0.32358245970014654,0.027568648308813178
48047,"Brooks County, Texas",38.5,2.6,4964,330,649,320,175,96,13,23,5,8,842,334.97611855175586,0.16962127316680098,0.06653228280886235
48397,"Rockwall County, Texas",37.5,0.3,80968,289,23430,1235,9217,951,1992,464,1384,553,36023,1717.7691928777858,0.444904159668017,0.021155892981654077
48059,"Callahan County, Texas",44.1,0.7,10018,111,1753,284,614,198,20,28,17,14,2404,347.6204827106711,0.2399680574965063,0.03459757135592291
48145,"Falls County, Texas",40.6,0.7,12103,212,1644,273,397,108,160,118,159,88,2360,328.42198464780034,0.19499297694786416,0.02691976833081031
48231,"Hunt County, Texas",36.8,0.4,71523,123,10796,857,4174,532,684,246,524,176,16178,1053.0740714688593,0.22619297288983964,0.014718433071108783
